--
-- PostgreSQL database dump
--

\restrict YYr1beBbUBaW8sWP2fO7xovenbpOwmQMC5oJJy6lr5svXcbTq8XyiB8PAh79gjY

-- Dumped from database version 18.3
-- Dumped by pg_dump version 18.3

-- Started on 2026-06-12 14:30:48

SET statement_timeout = 0;
SET lock_timeout = 0;
SET idle_in_transaction_session_timeout = 0;
SET transaction_timeout = 0;
SET client_encoding = 'UTF8';
SET standard_conforming_strings = on;
SELECT pg_catalog.set_config('search_path', '', false);
SET check_function_bodies = false;
SET xmloption = content;
SET client_min_messages = warning;
SET row_security = off;

--
-- TOC entry 5 (class 2615 OID 2200)
-- Name: public; Type: SCHEMA; Schema: -; Owner: postgres
--

CREATE SCHEMA public;


ALTER SCHEMA public OWNER TO postgres;

--
-- TOC entry 862 (class 1247 OID 17029)
-- Name: action_status; Type: TYPE; Schema: public; Owner: postgres
--

CREATE TYPE public.action_status AS ENUM (
    'access',
    'create',
    'delete',
    'edit',
    'view'
);


ALTER TYPE public.action_status OWNER TO postgres;

SET default_tablespace = '';

SET default_table_access_method = heap;

--
-- TOC entry 219 (class 1259 OID 17039)
-- Name: resources; Type: TABLE; Schema: public; Owner: postgres
--

CREATE TABLE public.resources (
    name text NOT NULL,
    system_default boolean DEFAULT false NOT NULL
);


ALTER TABLE public.resources OWNER TO postgres;

--
-- TOC entry 221 (class 1259 OID 17050)
-- Name: menus; Type: TABLE; Schema: public; Owner: postgres
--

CREATE TABLE public.menus (
    id integer NOT NULL,
    name text,
    api_path text NOT NULL,
    icon text,
    description text NOT NULL,
    parent_id integer DEFAULT 0,
    is_active boolean NOT NULL,
    is_visible boolean NOT NULL,
    sort_order integer NOT NULL
);


ALTER TABLE public.menus OWNER TO postgres;

--
-- TOC entry 222 (class 1259 OID 17062)
-- Name: menus_id_seq; Type: SEQUENCE; Schema: public; Owner: postgres
--

ALTER TABLE public.menus ALTER COLUMN id ADD GENERATED BY DEFAULT AS IDENTITY (
    SEQUENCE NAME public.menus_id_seq
    START WITH 1
    INCREMENT BY 1
    NO MINVALUE
    NO MAXVALUE
    CACHE 1
);


--
-- TOC entry 223 (class 1259 OID 17063)
-- Name: permissions; Type: TABLE; Schema: public; Owner: postgres
--

CREATE TABLE public.permissions (
    id integer NOT NULL,
    name text NOT NULL,
    action public.action_status NOT NULL,
    resource text,
    description text NOT NULL
);


ALTER TABLE public.permissions OWNER TO postgres;

--
-- TOC entry 224 (class 1259 OID 17072)
-- Name: permissions_id_seq; Type: SEQUENCE; Schema: public; Owner: postgres
--

ALTER TABLE public.permissions ALTER COLUMN id ADD GENERATED BY DEFAULT AS IDENTITY (
    SEQUENCE NAME public.permissions_id_seq
    START WITH 1
    INCREMENT BY 1
    NO MINVALUE
    NO MAXVALUE
    CACHE 1
);


--
-- TOC entry 225 (class 1259 OID 17073)
-- Name: roles; Type: TABLE; Schema: public; Owner: postgres
--

CREATE TABLE public.roles (
    id integer NOT NULL,
    name text NOT NULL,
    normalized_name text NOT NULL
);


ALTER TABLE public.roles OWNER TO postgres;

--
-- TOC entry 226 (class 1259 OID 17081)
-- Name: roles_id_seq; Type: SEQUENCE; Schema: public; Owner: postgres
--

ALTER TABLE public.roles ALTER COLUMN id ADD GENERATED BY DEFAULT AS IDENTITY (
    SEQUENCE NAME public.roles_id_seq
    START WITH 1
    INCREMENT BY 1
    NO MINVALUE
    NO MAXVALUE
    CACHE 1
);


--
-- TOC entry 227 (class 1259 OID 17082)
-- Name: roles_permissions; Type: TABLE; Schema: public; Owner: postgres
--

CREATE TABLE public.roles_permissions (
    role_id integer NOT NULL,
    permission_id integer NOT NULL
);


ALTER TABLE public.roles_permissions OWNER TO postgres;

--
-- TOC entry 228 (class 1259 OID 17087)
-- Name: users; Type: TABLE; Schema: public; Owner: postgres
--

CREATE TABLE public.users (
    id text NOT NULL,
    display_name text NOT NULL,
    email text NOT NULL,
    first_name text NOT NULL,
    last_name text NOT NULL,
    password_hash text NOT NULL,
    password_salt text NOT NULL,
    refresh_token text,
    refresh_token_expiry_time timestamp with time zone,
    first_time_login boolean NOT NULL,
    two_factor_enabled boolean NOT NULL,
    access_failed_count integer NOT NULL,
    lockout_enabled boolean NOT NULL,
    is_locked_out boolean NOT NULL,
    lockout_end timestamp with time zone,
    created_by text NOT NULL,
    created_at timestamp with time zone DEFAULT CURRENT_TIMESTAMP NOT NULL,
    updated_by text NOT NULL,
    last_updated_at timestamp with time zone DEFAULT CURRENT_TIMESTAMP
);


ALTER TABLE public.users OWNER TO postgres;

--
-- TOC entry 229 (class 1259 OID 17109)
-- Name: users_roles; Type: TABLE; Schema: public; Owner: postgres
--

CREATE TABLE public.users_roles (
    user_id text NOT NULL,
    role_id integer NOT NULL
);


ALTER TABLE public.users_roles OWNER TO postgres;

--
-- TOC entry 5065 (class 0 OID 17039)
-- Dependencies: 219
COPY public.resources (name, system_default) FROM stdin;
users	t
roles	t
permissions	t
navigation	t
resources	t
\.


--
-- TOC entry 5067 (class 0 OID 17050)
-- Dependencies: 221
-- Data for Name: menus; Type: TABLE DATA; Schema: public; Owner: postgres
--

COPY public.menus (id, name, api_path, icon, description, parent_id, is_active, is_visible, sort_order) FROM stdin;
1	users	/users	default icon	user page	0	t	t	1
\.


--
-- TOC entry 5069 (class 0 OID 17063)
-- Dependencies: 223
-- Data for Name: permissions; Type: TABLE DATA; Schema: public; Owner: postgres
--

COPY public.permissions (id, name, action, resource, description) FROM stdin;
1	users_access	access	users	grant permission to access a user page
2	users_create	create	users	grant permission to create a new user
3	users_delete	delete	users	grant permission to delete a user
4	users_edit	edit	users	grant permission to edit a user
5	users_view	view	users	grant permission to view a user data
6	roles_access	access	roles	grant permission to access a role page
7	roles_create	create	roles	grant permission to create a new role
8	roles_delete	delete	roles	grant permission to delete a role
9	roles_edit	edit	roles	grant permission to edit a role
10	roles_view	view	roles	grant permission to view a role data
11	permissions_access	access	permissions	grant permission to access a permission page
12	permissions_create	create	permissions	grant permission to create a new permission
13	permissions_delete	delete	permissions	grant permission to delete a permission
14	permissions_edit	edit	permissions	grant permission to edit a permission
15	permissions_view	view	permissions	grant permission to view a permission data
\.


--
-- TOC entry 5071 (class 0 OID 17073)
-- Dependencies: 225
-- Data for Name: roles; Type: TABLE DATA; Schema: public; Owner: postgres
--

COPY public.roles (id, name, normalized_name) FROM stdin;
1	admin	ADMIN
2	department	DEPARTMENT
\.


--
-- TOC entry 5073 (class 0 OID 17082)
-- Dependencies: 227
-- Data for Name: roles_permissions; Type: TABLE DATA; Schema: public; Owner: postgres
--

COPY public.roles_permissions (role_id, permission_id) FROM stdin;
1	1
1	2
\.


--
-- TOC entry 5074 (class 0 OID 17087)
-- Dependencies: 228
-- Data for Name: users; Type: TABLE DATA; Schema: public; Owner: postgres
--

COPY public.users (id, display_name, email, first_name, last_name, password_hash, password_salt, refresh_token, refresh_token_expiry_time, first_time_login, two_factor_enabled, access_failed_count, lockout_enabled, is_locked_out, lockout_end, created_by, created_at, updated_by, last_updated_at) FROM stdin;
7e3cd563-3290-49de-b14d-2a652212c740	System Admin	systemadmin@default.com	System	Admin	8C657C49C72AD95A068D9C9A3D123D2AE7A76B4F6DBCC0A778CB88B6E18BBF08-BA3F70F0FA937A85179FBC5B3537379C		H7LDTkwGhGmbeTnxkgLD3oTzV4RxnJW32lHFwnQDsqs=	2026-05-23 20:42:43.203353+06:30	t	f	0	f	f	\N	System	2026-03-08 13:13:08.455592+06:30	System	2026-03-08 13:13:08.455592+06:30
696a38a9-d338-443b-a3f6-6418b0333ac3	kyaw kyaw	kyaw@test.com	kyaw	kyaw	655F4A0AF7762CDD8AAB1D9686B525D5AF586F44D202D7B439B506CD86DE375C-58F40A416213BCCD7789845196DD00BD		kvAD746BHOErIvczHjqgw528xtJgJoPT3DjVWRGQElc=	2026-05-23 20:45:47.072666+06:30	f	f	0	f	f	\N	System	-infinity	System	\N
\.


--
-- TOC entry 5075 (class 0 OID 17109)
-- Dependencies: 229
-- Data for Name: users_roles; Type: TABLE DATA; Schema: public; Owner: postgres
--

COPY public.users_roles (user_id, role_id) FROM stdin;
7e3cd563-3290-49de-b14d-2a652212c740	1
\.


--
-- TOC entry 5082 (class 0 OID 0)
-- Dependencies: 222
-- Name: menus_id_seq; Type: SEQUENCE SET; Schema: public; Owner: postgres
--

SELECT pg_catalog.setval('public.menus_id_seq', 1, true);


--
-- TOC entry 5083 (class 0 OID 0)
-- Dependencies: 224
-- Name: permissions_id_seq; Type: SEQUENCE SET; Schema: public; Owner: postgres
--

SELECT pg_catalog.setval('public.permissions_id_seq', 15, true);


--
-- TOC entry 5084 (class 0 OID 0)
-- Dependencies: 226
-- Name: roles_id_seq; Type: SEQUENCE SET; Schema: public; Owner: postgres
--

SELECT pg_catalog.setval('public.roles_id_seq', 2, true);


--
-- TOC entry 4896 (class 2606 OID 17117)
-- Name: resources resources_pkey; Type: CONSTRAINT; Schema: public; Owner: postgres
--

ALTER TABLE ONLY public.resources
    ADD CONSTRAINT resources_pkey PRIMARY KEY (name);


--
-- TOC entry 4898 (class 2606 OID 17119)
-- Name: menus pk_menus; Type: CONSTRAINT; Schema: public; Owner: postgres
--

ALTER TABLE ONLY public.menus
    ADD CONSTRAINT pk_menus PRIMARY KEY (id);


--
-- TOC entry 4900 (class 2606 OID 17121)
-- Name: permissions pk_permissions; Type: CONSTRAINT; Schema: public; Owner: postgres
--

ALTER TABLE ONLY public.permissions
    ADD CONSTRAINT pk_permissions PRIMARY KEY (id);


--
-- TOC entry 4894 (class 2606 OID 17123)
ALTER TABLE ONLY public.roles
    ADD CONSTRAINT pk_roles PRIMARY KEY (id);


--
-- TOC entry 4905 (class 2606 OID 17127)
-- Name: roles_permissions pk_roles_permissions; Type: CONSTRAINT; Schema: public; Owner: postgres
--

ALTER TABLE ONLY public.roles_permissions
    ADD CONSTRAINT pk_roles_permissions PRIMARY KEY (role_id, permission_id);


--
-- TOC entry 4907 (class 2606 OID 17129)
-- Name: users pk_users; Type: CONSTRAINT; Schema: public; Owner: postgres
--

ALTER TABLE ONLY public.users
    ADD CONSTRAINT pk_users PRIMARY KEY (id);


--
-- TOC entry 4910 (class 2606 OID 17131)
-- Name: users_roles pk_users_roles; Type: CONSTRAINT; Schema: public; Owner: postgres
--

ALTER TABLE ONLY public.users_roles
    ADD CONSTRAINT pk_users_roles PRIMARY KEY (user_id, role_id);


--
-- TOC entry 4892 (class 1259 OID 17132)
CREATE INDEX ix_roles_permissions_permission_id ON public.roles_permissions USING btree (permission_id);


--
-- TOC entry 4908 (class 1259 OID 17134)
-- Name: ix_users_roles_role_id; Type: INDEX; Schema: public; Owner: postgres
--

CREATE INDEX ix_users_roles_role_id ON public.users_roles USING btree (role_id);


--
-- TOC entry 4911 (class 2606 OID 17135)
ALTER TABLE ONLY public.roles_permissions
    ADD CONSTRAINT fk_roles_permissions_permissions_permission_id FOREIGN KEY (permission_id) REFERENCES public.permissions(id) ON DELETE CASCADE;


--
-- TOC entry 4915 (class 2606 OID 17145)
-- Name: roles_permissions fk_roles_permissions_roles_role_id; Type: FK CONSTRAINT; Schema: public; Owner: postgres
--

ALTER TABLE ONLY public.roles_permissions
    ADD CONSTRAINT fk_roles_permissions_roles_role_id FOREIGN KEY (role_id) REFERENCES public.roles(id) ON DELETE CASCADE;


--
-- TOC entry 4916 (class 2606 OID 17150)
-- Name: users_roles fk_users_roles_roles_role_id; Type: FK CONSTRAINT; Schema: public; Owner: postgres
--

ALTER TABLE ONLY public.users_roles
    ADD CONSTRAINT fk_users_roles_roles_role_id FOREIGN KEY (role_id) REFERENCES public.roles(id) ON DELETE CASCADE;


--
-- TOC entry 4917 (class 2606 OID 17155)
-- Name: users_roles fk_users_roles_users_user_id; Type: FK CONSTRAINT; Schema: public; Owner: postgres
--

ALTER TABLE ONLY public.users_roles
    ADD CONSTRAINT fk_users_roles_users_user_id FOREIGN KEY (user_id) REFERENCES public.users(id) ON DELETE CASCADE;


--
-- TOC entry 4912 (class 2606 OID 17160)
-- Name: menus menus_name_fkey; Type: FK CONSTRAINT; Schema: public; Owner: postgres
--

ALTER TABLE ONLY public.menus
    ADD CONSTRAINT menus_name_fkey FOREIGN KEY (name) REFERENCES public.resources(name);


--
-- TOC entry 4913 (class 2606 OID 17165)
-- Name: permissions permissions_resource_fkey; Type: FK CONSTRAINT; Schema: public; Owner: postgres
--

ALTER TABLE ONLY public.permissions
    ADD CONSTRAINT permissions_resource_fkey FOREIGN KEY (resource) REFERENCES public.resources(name);


--
-- TOC entry 5081 (class 0 OID 0)
-- Dependencies: 5
-- Name: SCHEMA public; Type: ACL; Schema: -; Owner: postgres
--

REVOKE USAGE ON SCHEMA public FROM PUBLIC;


-- Completed on 2026-06-12 14:30:49

--
-- PostgreSQL database dump complete
--

\unrestrict YYr1beBbUBaW8sWP2fO7xovenbpOwmQMC5oJJy6lr5svXcbTq8XyiB8PAh79gjY

